{"cameraMode":{"drawMode":0,"name":"Shaded","section":"Shading Mode"},"sceneLighting":true,"audioPlay":false,"sceneViewState":{"m_AlwaysRefresh":false,"showFog":true,"showSkybox":true,"showFlares":true,"showImageEffects":true,"showParticleSystems":true,"showVisualEffectGraphs":true,"m_FxEnabled":true},"in2DMode":false,"pivot":{"x":-17.208120346069337,"y":1.1178784370422364,"z":4.100436687469482},"rotation":{"x":-0.12549413740634919,"y":0.8733267188072205,"z":-0.35624203085899355,"w":-0.3076501488685608},"size":12.441047668457032,"orthographic":false}